## [별책14] 2022 개정 영어과 교육과정 기본어휘 3,000 — 무표시 — 1,000 tier
## marker: (무표시) · list_id: kcurr2022_0 · count: 1011
## source: [별책14] 영어과 교육과정_어휘.pdf (pdftotext 추출 2026-07-06, dropped 0)
## 등급=문서 별표 표기 그대로. 굴절/파생형(36 접사)·고유명사·숫자는 원문 미포함.
word
abandon
aboard
abort
abound
abroad
absent
absorb
abstract
absurd
abuse
academy
accelerate
accommodate
accompany
accomplish
accord
accumulate
accurate
ache
acid
acknowledge
acquire
acquisition
addict
adequate
adjust
administer
adolescent
adverse
advocate
aesthetic
agency
agenda
aggress
agriculture
alert
alien
alike
allocate
ally
alongside
alternate
ambassador
ambition
analyse
analyze
anchor
ancient
angle
anniversary
anticipate
anxiety
apology
apparent
approve
approximate
architect
arise
arrow
artifice
aspect
aspire
assault
assemble
assert
asset
assure
astonish
athlete
atom
attribute
auction
authentic
author
avail
await
awe
ban
bankrupt
bargain
barrier
beam
beard
beast
behalf
behave
betray
bias
biography
biology
blast
blend
blink
blossom
bold
boost
border
boundary
breed
breeze
broadcast
brute
bulk
bull
bully
bundle
burden
butcher
buzz
cancel
cancer
candidate
canvas
capture
carve
cater
cattle
caution
cave
cease
celebrate
celebrity
censor
certificate
chamber
chaos
charity
chef
chemical
chill
chin
choir
chorus
chronic
circulate
cite
clap
clash
clause
clay
cling
clinic
cluster
coincide
collaborate
collapse
collar
colleague
colony
column
combat
commit
commodity
communist
companion
compatible
compel
compensate
compete
compile
complement
component
compose
compound
comprehend
comprise
compromise
conceal
conceive
conclude
concrete
condemn
conduct
confer
confess
confide
confine
conform
confront
congress
conscience
consent
conserve
consist
constitute
constrain
construct
consult
contemporary
contend
continent
contradict
contrary
contrast
controversy
convene
convert
convey
convict
cooperate
coordinate
copyright
cord
core
corn
corporate
correspond
corridor
corrupt
costume
counsel
counterpart
coupon
courage
craft
craze
credible
creep
crew
criterion
critic
crop
crucial
cruise
crush
crystal
cultivate
currency
curriculum
curry
curse
curve
custody
custom
cynical
dairy
damp
dash
database
datum
decade
decay
decent
declare
decline
decrease
dedicate
defeat
defend
deficiency
deficit
delegate
delete
deliberate
delicate
democracy
democrat
demon
dense
depart
depict
deposit
deprive
derive
descend
designate
despair
destine
destiny
destruct
detach
device
devil
devise
devote
diabetes
dictate
differ
dignity
dimension
diminish
dine
dip
diplomat
disaster
discourse
discriminate
dismiss
dispute
disrupt
distinct
distinguish
distort
distract
distribute
diverse
divine
domain
dominate
dose
dot
draft
drain
dread
drill
drown
dual
dull
dwell
dynamic
eager
efficient
elaborate
electronic
elegant
elevate
eliminate
elite
embassy
embrace
emerge
emergency
emit
emphasis
encounter
endure
enhance
enquire
enterprise
enthusiastic
entry
environ
envy
equip
era
erase
erect
err
essence
estate
ethic
ethnic
evacuate
evaluate
evitable
evolution
evolve
exaggerate
exceed
excel
excess
exclude
executive
exhibit
exotic
expertise
explicit
explode
explore
export
extent
external
extinct
extract
extraordinary
eyebrow
fabric
facilitate
facility
faculty
fade
false
fame
fare
fasten
fate
federal
ferry
fertile
fiber
fibre
fiction
fierce
filter
finite
flavor
flavour
flaw
flee
flesh
flexible
flip
flock
flourish
flush
fond
forbid
forecast
forehead
format
former
formula
foster
fountain
fraction
framework
frequent
frost
frown
fuel
fulfil
fundamental
funeral
furnish
furthermore
fury
fuse
gallery
gamble
gang
gap
gasoline
gaze
gender
gene
generate
generous
genius
genuine
geography
geology
glare
globe
glow
goat
graduate
grain
grasp
grateful
grave
greed
grief
grip
gross
guardian
guideline
gulf
gym
gymnasium
habitat
halt
hammer
handicap
harbor
harbour
harmony
harsh
harvest
haunt
hazard
headquarters
heal
heel
heir
hence
heritage
hierarchy
highlight
holy
hook
horizon
horror
host
hostile
household
hut
hypothesis
ideal
identical
ideology
illude
imitate
immense
immigrate
immune
impact
imperial
implement
imply
import
impose
incentive
incident
incline
incorporate
index
induce
infant
infect
infer
inflate
ingredient
inhabit
inherent
inhibit
initial
inject
inn
innovate
input
inquire
insect
insert
insight
inspire
install
instinct
institute
insult
integrate
intellect
intelligent
interfere
interior
intermediate
interpret
interval
intervene
intimate
intrigue
invade
irony
irritate
isolate
jail
jar
jog
joint
journal
jury
keen
kit
knight
knot
ladder
landscape
lap
latter
launch
laundry
leak
lease
leather
lecture
legend
legislate
legitimate
leisure
liberal
liberty
likewise
linguistic
liquid
literature
logic
lone
loyal
lump
luxury
magnet
magnificent
manifest
manipulate
margin
marine
mature
mayor
meanwhile
mechanic
mechanism
mediate
medieval
medium
merchant
mere
merge
merit
metropolitan
microphone
migrate
mild
million
mine
mineral
minimal
minimum
ministry
miracle
missile
mobile
mock
mode
moderate
modest
modify
moist
molecule
monster
monument
mortal
motive
multiple
murder
mutual
myth
naive
naked
narrate
nasty
needle
negate
neglect
negotiate
nephew
network
neutral
nevertheless
nightmare
noble
nod
nominate
nonetheless
norm
novel
nuclear
numerous
obey
oblige
obsess
obtain
occupy
offend
opportune
opt
optimist
oral
orbit
orchestra
organ
orient
origin
outcome
outline
output
outrage
outstanding
overcome
overhead
overlap
overlook
overnight
oversea
overseas
overwhelm
owe
pace
pad
pale
palm
panel
parallel
parliament
participate
particle
passage
passenger
passion
passport
pat
patch
patent
pave
peak
peasant
peel
peer
penalty
perceive
permanent
permit
persist
perspective
persuade
petrol
phase
phenomenon
philosophy
phrase
physics
pill
pinch
pioneer
platform
plot
polish
poll
pond
populate
portion
portrait
pose
posit
praise
preach
precede
precise
predator
predict
prejudice
premium
prescribe
preserve
preside
presume
prevail
prey
priest
primitive
principal
prior
privilege
professor
profile
profound
prohibit
prominent
prompt
proof
proportion
prospect
prosper
protein
province
provoke
psychology
publish
pupil
pursue
quantity
questionnaire
rage
rally
random
rank
rational
raw
rear
rebel
receipt
recruit
refine
reform
refrigerate
regret
regulate
reinforce
reject
relevant
relieve
religion
reluctant
remedy
remote
republic
reputation
rescue
resemble
reside
resign
resolve
resort
restore
restrain
restrict
resume
retail
retain
retreat
reveal
revenge
reverse
revise
revive
revolution
reward
rhythm
rid
ridicule
riot
rival
roar
roast
rod
romantic
rot
routine
rumor
rumour
rural
sack
sacred
sacrifice
satellite
scan
scandal
scarce
scatter
scheme
scholar
scope
scramble
screw
sculpt
sector
seize
sensible
sentiment
sequence
severe
shallow
sigh
silent
simulate
simultaneous
sin
skip
slice
slim
slope
sneak
soak
soap
sociology
sole
sophisticate
span
spark
spectacle
spectrum
sphere
spill
spit
splash
split
spouse
squeeze
stack
stain
starve
statistic
statue
status
steep
stem
stiff
stimulate
stitch
stove
strain
strict
strip
stripe
stroke
submarine
submit
subscribe
substance
substitute
subtle
suburb
suck
suffice
suicide
suite
summit
superb
superior
supervise
supplement
surgery
surrender
suspend
sustain
swear
sweat
swell
swift
symbol
sympathy
symphony
symptom
tackle
tag
talent
task
tease
telegraph
temple
temporary
tempt
tenant
tender
terminal
terminate
terrace
terrific
territory
terror
theme
therapy
thorough
thread
thrill
thumb
tick
timber
tissue
torture
toss
toxic
tragic
trail
transact
transform
transition
translate
transmit
treasure
treaty
tremendous
trend
tribe
trigger
trim
triumph
troop
tube
tunnel
turnover
ultimate
undergo
underlie
undermine
undertake
unify
unique
universe
update
upward
upwards
urban
urge
utilise
utilize
utter
vacate
vaccine
vacuum
vague
valid
vanish
vast
venture
verb
verse
versus
vertical
vessel
veterinarian
via
vice
victory
vigor
virgin
virtue
virus
visible
visual
vital
vivid
vocabulary
vocation
wander
warehouse
warrant
wealth
weave
weed
weird
welfare
wheat
whereas
whip
wicked
wit
withdraw
witness
worship
wreck
yield
zone
